 Country,record_id ,constitution,phy_add,sec_address,state/county,country,authorization_info,reg_no,pharmacist_details,e_pharm_app,track_dlvry,eng_lang,lang_opt,other_lang,tele_helpline,chat___1,chat___2,chat___3,faq,complaints,review_testimonials,return_policy,privacy_policy,secur_encrypt,encrypt_certif,pay_gateway,pay_options___1,pay_options___2,pay_options___3,pay_options___4,pay_options___5,pay_options___6,pay_options___7,pay_options___8,pay_options___9,pay_options___10,pay_options___11,electronic_specify,other_pay,where_deliver,other_geo_cover,otc_sale,pom_sale,controlled_sale,herbal_altmed,nutra,indicat_use,side_effects,drug_interactions,online_consult,lab_services,prescription_upload___1,prescription_upload___2,prescription_upload___3,prescription_upload___4,prescription_upload___5,other_prescription_upload,refill_remind,ad_pres_drugs,ad_other_prod,discount_coupon,discount_meds,certi_accredi,certification_specify,promo_social_media___1,promo_social_media___2,promo_social_media___3,promo_social_media___4,promo_social_media___5,promo_social_media___6,promo_social_media___7,promo_social_media___8,other_social,e_pharmacy_website_complete,constitution_app,phy_add_app,sec_address_app,state_app,country_app,store_app___1,store_app___2,downloads_app,authorization_info_app,reg_no_app,pharmacist_details_app,track_dlvry_app,eng_lang_app,lang_opt_app,other_lang_app,tele_helpline_app,chat_app___1,chat_app___2,chat_app___3,faq_app,complaints_app,review_testimonials_app,return_policy_app,privacy_policy_app,secur_encrypt_app,encrypt_certif_app,pay_options_app___1,pay_options_app___2,pay_options_app___3,pay_options_app___4,pay_options_app___5,pay_options_app___6,pay_options_app___7,pay_options_app___8,pay_options_app___9,pay_options_app___10,pay_options_app___11,electronic_specify_app,other_pay_app,where_deliver_app,other_geo_cover_app,otc_sale_app,pom_sale_app,controlled_sale_app,herbal_altmed_app,nutra_app,indicat_use_app,side_effects_app,drug_interactions_app,online_consult_app,lab_services_app,app_prescription___1,app_prescription___2,app_prescription___3,app_prescription___4,app_prescription___5,other_upload,refill_remind_app,ad_pres_drugs_app,ad_other_prod_app,discount_coupon_app,discount_meds_app,certi_accredi_app,certification_specify_app,e_pharmacy_app_complete,"Total Visits (for the last full month, i.e. May 2023)","Total Visits for the previous 3 months (see graph lower down for traffic over the past 3 full months, i.e.March, April, May 2023)",Total Visits_past_3months
India,1,1,1,1,"delhi,haryana",india,3,np,0,1,1,1,0,,4,1,0,0,1,1,1,1,1,0,,1,1,1,1,0,1,1,1,0,0,0,1,"paytm, mobikwik, freecharge, airtel, phonepe, amazon pay",simpl,7,1800+ cities,1,1,0,1,1,1,1,1,1,1,1,0,1,0,0,,0,0,1,1,1,1,legitscript,1,1,1,0,1,1,1,0,medium,2,1,1,1,"delhi,haryana",india,1,1,10M+,3,np,0,1,1,0,,4,1,0,0,1,1,0,1,1,0,,1,1,1,1,1,1,1,0,0,0,1,"paytm,mobikwik,freecharge",simpl,7,1800+ cities,1,1,0,1,1,1,1,0,1,1,1,0,0,0,0,,1,0,1,1,1,1,legitscript; ISO/IEC 27001:2013,2,46.5M,"136,600,000",136600000
India,2,0,1,1,"telangana,delhi",india,3,np,0,0,1,1,1,"chinese,russian,spanish",2,1,0,0,1,0,0,0,0,0,,2,0,0,0,0,0,0,0,0,0,0,1,,unclear,5,,0,1,0,0,0,0,0,0,0,0,1,0,0,0,0,,0,0,0,0,,0,,1,1,1,0,0,0,1,0,pinterest,2,,,,,,,,,,,,,,,,,,,,,,,,,,,,,,,,,,,,,,,,,,,,,,,,,,,,,,,,,,,,,,,,,0,,,
India,3,1,1,0,rajasthan,india,3,np,0,1,0,1,1,hindi,2,0,0,1,1,1,1,0,1,0,,2,1,1,1,0,1,1,1,0,0,0,0,paytm,,7,400+ cities,0,1,0,0,0,0,0,0,1,1,0,0,0,1,0,"yes, on app",0,0,0,0,,0,,1,1,1,0,1,1,0,0,,2,0,1,0,rajasthan,india,1,0,1M+,3,np,0,0,1,1,hindi,2,1,0,0,1,1,0,0,1,0,,0,0,0,0,1,0,0,0,0,0,0,,,6,,1,1,1,1,1,1,1,3,1,1,1,0,0,0,0,,0,0,0,0,,0,,2,2.4K,"7,600",7600
India,4,0,1,0,"multiple locations: hyderabad, bangalore etc.",india,3,np,0,1,1,1,1,"english,hindi,tamil,telugu,kanada,malayalam,marathi,bangla",4,1,0,0,1,1,1,1,1,0,,1,1,1,1,1,1,1,0,0,0,0,0,,,5,,1,1,0,1,1,0,0,0,0,0,1,0,0,0,0,,0,0,1,1,1,0,,1,1,1,0,1,1,0,0,,2,0,1,0,karnataka,india,1,1,100M+,3,np,0,1,1,1,"hindi,tamil,telugu,kannada,malayalam,marathi,bengali",4,1,0,0,1,1,1,1,1,0,,1,1,1,1,1,1,0,0,0,0,0,,,5,,1,1,0,1,1,0,0,0,0,0,1,0,0,0,0,,0,0,1,1,1,0,,2,315.6M,"934,300,000",934300000
India,5,0,1,0,tamil nadu,india,3,np,0,1,1,1,0,,2,1,1,0,1,1,0,1,1,0,,1,1,1,1,1,1,1,1,0,0,0,1,"paytm,amazonpay","simpl,zestmoney",3,,1,1,0,1,1,1,1,1,1,1,1,1,0,0,0,,0,0,1,1,1,1,international quality certification,1,1,1,0,1,1,0,0,,2,0,1,0,tamilnadu,india,1,1,10M+,3,np,0,1,1,0,,4,0,0,1,1,1,0,1,1,0,,1,1,1,1,1,1,1,0,0,0,1,"paytm,amazonpay",simpl,3,,1,1,0,1,1,1,1,1,1,1,1,0,0,0,0,,0,0,1,1,1,1,International Quality Certification,2,13.6M,"39,300,000",39300000
India,6,1,1,0,delhi,india,3,np,0,1,0,1,0,,2,0,0,1,0,1,1,1,1,0,,2,1,1,1,0,1,1,1,0,0,0,0,"phonepe,amazonpay,mobikwik,freecharge,airtel,olamoney,jiomoney,paytm",,6,,0,0,0,1,1,0,0,0,1,1,0,0,0,0,1,,1,0,0,1,1,0,,1,1,1,0,1,1,0,0,,2,1,1,0,delhi,india,1,1,1M+,3,np,0,0,1,0,,2,1,0,0,0,1,1,1,1,0,,1,1,1,0,1,1,1,0,0,0,0,"phonepe,amazon,paytm,mobikwik,freecharge",,6,,0,1,0,1,1,0,0,0,1,1,1,0,0,0,0,,1,0,1,1,1,0,,2,192.7K,"638,600",638600
India,7,0,1,0,britishcolumbia,canada,3,np,0,0,0,1,0,,1,1,0,0,1,0,1,1,1,1,creditcardsafe,1,1,0,0,0,0,0,0,0,0,0,1,,"checks,international money orders",5,,1,1,0,0,1,1,1,0,0,0,0,0,1,1,0,"fax,mail",0,0,0,0,,1,"displays ""pharmacychecker.com"" logo",1,1,1,0,0,0,0,0,,2,,,,,,,,,,,,,,,,,,,,,,,,,,,,,,,,,,,,,,,,,,,,,,,,,,,,,,,,,,,,,,,,,0,23.4K,"88,700",88700
India,8,0,0,0,np,np,1,Yes,0,0,1,1,1,"english,french,german,italian,spanish,portuguese",2,0,0,1,1,0,1,1,1,0,,1,1,1,0,0,0,0,0,0,0,0,1,,"e-check,bank wire transfer",5,,1,1,0,1,1,1,1,1,0,0,0,0,0,0,1,,0,0,0,1,1,0,,0,0,0,0,0,0,0,1,,2,,,,,,,,,,,,,,,,,,,,,,,,,,,,,,,,,,,,,,,,,,,,,,,,,,,,,,,,,,,,,,,,,0,,,
India,9,0,1,0,gujarat,india,3,np,0,1,0,1,0,,2,0,1,0,0,0,1,1,1,0,,2,0,0,0,0,1,0,0,0,0,0,1,,unclear,7,10000+ pincodes,1,1,1,1,1,1,1,1,0,0,1,0,0,0,0,,0,0,0,1,1,0,,1,1,1,0,1,1,0,0,,2,0,1,0,gujarat,india,1,1,50K+,3,np,0,0,1,0,,2,0,1,0,0,0,1,1,1,0,,0,0,0,0,1,0,0,0,0,0,1,,unclear,6,,1,1,1,1,1,1,1,0,0,0,1,0,0,0,0,,0,0,0,1,1,0,,2,44.7K,"136,600",136600
India,10,0,0,0,maharashtra,india,3,np,0,0,1,1,0,,2,0,1,0,0,0,0,0,1,0,,1,1,0,1,0,0,1,0,0,0,0,0,,,3,,1,1,1,1,1,1,0,0,0,0,1,0,0,0,0,,0,0,1,1,1,0,,1,1,1,0,0,1,0,0,,2,,,,,,,,,,,,,,,,,,,,,,,,,,,,,,,,,,,,,,,,,,,,,,,,,,,,,,,,,,,,,,,,,0,19.0K,"67,600",67600
India,11,0,0,0,np,np,3,np,0,1,1,1,0,,2,0,0,1,1,0,0,1,1,0,,2,0,0,0,0,0,0,0,0,0,0,1,,unclear,7,11670+ locations,1,1,0,1,1,0,0,0,0,0,1,0,0,0,0,,0,0,0,1,1,0,,1,1,1,0,1,1,0,0,,2,0,0,0,np,np,1,0,,3,np,0,1,1,0,,2,0,0,1,1,1,0,1,1,0,,1,0,1,0,1,1,0,0,0,0,0,,,6,,1,1,1,1,1,0,0,0,0,0,1,0,0,0,0,,0,0,1,1,1,0,,2,15.4K,"45,200",45200
India,12,0,1,1,karnataka,india,3,np,0,1,0,1,0,,2,0,1,0,0,1,0,1,1,0,,2,0,0,0,0,0,0,0,0,0,0,1,,unclear,1,,0,0,0,0,0,0,0,0,1,1,0,0,0,0,1,,0,0,0,0,,0,,1,1,1,0,1,1,1,0,pinterest,2,0,0,0,np,np,1,1,100K+,3,np,0,0,1,0,,2,0,0,1,1,0,1,0,0,0,,0,0,0,0,0,0,0,0,0,0,1,,np,1,,0,0,0,0,0,0,0,0,1,1,0,0,0,0,1,,0,0,0,0,,0,,2,164.7K,"510,800",510800
India,13,0,1,0,telangana,india,3,np,0,1,1,1,0,,2,1,0,0,1,0,0,1,1,0,,2,1,1,1,0,1,1,0,0,0,0,0,,,6,,1,1,1,1,1,0,0,0,0,0,1,1,0,0,0,,0,0,0,1,1,0,,1,1,1,0,0,1,0,0,,2,,,,,,,,,,,,,,,,,,,,,,,,,,,,,,,,,,,,,,,,,,,,,,,,,,,,,,,,,,,,,,,,,2,5.8K,"11,900",11900
India,14,0,1,0,delhi,india,3,np,0,1,0,1,0,,2,0,0,1,1,0,0,1,1,0,,2,1,1,1,0,1,0,0,0,0,0,0,,,6,,0,1,0,0,0,0,0,0,1,1,1,0,0,0,0,,0,0,0,0,,0,,1,1,1,0,1,1,1,0,pinterest,2,,,,,,,,,,,,,,,,,,,,,,,,,,,,,,,,,,,,,,,,,,,,,,,,,,,,,,,,,,,,,,,,,2,787.2K,"2,100,000",2100000
India,15,0,0,0,np,np,3,np,0,0,0,1,0,,2,0,1,0,0,0,0,0,0,0,,2,0,0,0,0,0,0,0,0,0,0,1,,unclear,6,,0,1,0,0,0,0,0,0,0,0,0,1,0,0,0,,0,0,0,1,1,0,,0,0,0,0,0,0,0,1,,2,,,,,,,,,,,,,,,,,,,,,,,,,,,,,,,,,,,,,,,,,,,,,,,,,,,,,,,,,,,,,,,,,0,3.5K,"14,200",14200
India,16,1,0,0,rajasthan,india,3,np,0,1,0,1,1,hindi,2,0,1,0,0,0,1,1,1,0,,1,1,1,0,0,1,1,1,0,0,0,1,paytm,unclear,7," +19,000 Pincodes,presence in 10 cities already, pan india delivery",1,1,1,1,1,1,1,0,0,0,1,0,0,0,0,,0,0,1,1,1,0,,1,1,1,0,1,1,0,0,,2,0,0,0,np,np,1,0,10K+,3,np,0,0,1,0,,2,0,0,1,0,0,0,1,1,0,,0,0,0,0,0,0,0,0,0,0,1,,np,6,,0,0,0,0,0,0,0,0,0,0,1,1,0,0,0,,0,0,1,1,1,0,,2,53.7K,"177,800",177800
India,17,0,1,0,chandigarh,india,3,np,0,1,0,1,0,,2,0,1,0,0,0,0,0,1,0,,1,0,0,0,0,0,1,0,0,0,0,0,,,6,,1,1,0,1,1,1,1,0,0,0,0,0,0,0,1,,0,0,0,1,1,0,,1,1,1,0,1,1,0,0,,2,0,1,0,chandigarh,india,1,1,1K+,3,np,0,1,1,0,,2,0,1,0,1,1,0,1,1,0,,0,0,1,0,0,1,1,0,0,0,0,paytm,,6,,1,1,1,1,1,1,1,0,0,0,1,1,0,0,0,,1,0,1,1,1,0,,2,35.7K,"121,700",121700
India,18,0,1,0,madhyapradesh,india,3,np,0,1,1,1,0,,2,0,1,0,1,0,1,1,1,0,,1,1,1,1,0,1,1,1,0,0,0,0,paytm,,1,,1,1,0,1,1,0,0,0,1,0,1,0,0,0,0,,0,0,0,0,,0,,1,1,1,0,1,1,0,0,,2,,,,,,,,,,,,,,,,,,,,,,,,,,,,,,,,,,,,,,,,,,,,,,,,,,,,,,,,,,,,,,,,,2,12.3K,"51,900",51900
India,19,0,0,0,np,np,3,np,0,0,0,1,0,,2,0,1,0,0,0,0,0,0,0,,2,1,1,1,0,1,1,0,0,0,0,0,,,1,,1,1,1,1,1,0,0,0,0,0,0,0,0,0,1,,0,0,0,1,1,0,,1,1,1,0,1,1,0,0,,2,,,,,,,,,,,,,,,,,,,,,,,,,,,,,,,,,,,,,,,,,,,,,,,,,,,,,,,,,,,,,,,,,0,20.5K,"58,700",58700
India,20,0,0,0,np,np,3,np,0,0,1,1,1,"german,french,spanish,italian",2,0,0,1,1,0,1,1,0,0,,1,1,1,0,0,0,0,0,0,0,0,1,,bitcoin,5,,1,1,0,0,1,1,0,0,0,0,0,0,0,0,1,,0,0,0,0,,0,,0,0,0,0,0,0,0,1,,2,,,,,,,,,,,,,,,,,,,,,,,,,,,,,,,,,,,,,,,,,,,,,,,,,,,,,,,,,,,,,,,,,0,,,
India,21,0,1,1,"uttar pradesh,haryana",india,3,np,0,1,0,1,0,,4,0,1,0,0,0,1,1,1,0,,2,0,0,0,0,0,0,0,0,0,0,1,,unclear,1,,0,1,0,0,0,0,0,0,0,1,0,1,0,0,0,,0,0,0,1,1,0,,1,1,1,0,1,1,0,0,,2,0,0,0,np,np,1,1,10K+,3,np,0,0,1,0,,4,1,0,0,0,0,0,0,1,0,,0,0,0,0,0,0,0,0,0,0,1,,unclear,6,,0,1,0,0,0,0,0,0,0,0,0,0,0,0,1,,0,0,0,0,,0,,2,10.4K,"46,000",46000
India,22,1,1,0,westbengal,india,1,np,0,1,1,1,0,,2,0,0,1,1,0,0,1,1,0,,2,0,0,0,0,1,0,0,0,0,0,0,,,1,,1,1,1,1,1,1,1,3,0,0,1,0,0,0,0,,0,0,0,1,1,0,,1,1,1,0,1,1,0,0,,2,0,0,0,westbengal,india,1,1,50K+,3,np,0,0,1,0,,4,0,0,1,0,0,0,1,1,0,,0,0,0,0,1,0,0,0,0,0,0,,,1,,1,1,1,1,1,1,1,3,0,1,1,0,0,0,0,,0,0,1,1,1,0,,2,49.1K,"144,700",144700
India,23,0,1,0,telangana,india,3,np,0,0,1,1,0,,2,1,0,0,1,0,0,1,1,0,,1,1,1,1,0,1,1,1,0,0,0,1,"phonepe,amazonpay,mobikwik,freecharge,airtelmoney,olamoney,jiomoney,payzapp",EMI via zestmoney,3,,1,1,1,1,1,1,1,0,0,0,1,0,0,0,0,,0,0,0,1,1,0,,1,1,1,0,1,1,0,0,,2,,,,,,,,,,,,,,,,,,,,,,,,,,,,,,,,,,,,,,,,,,,,,,,,,,,,,,,,,,,,,,,,,0,53.0K,"167,400",167400
India,24,0,1,0,maharashtra,india,3,np,0,1,0,1,0,,2,0,1,0,0,0,0,0,1,0,,2,0,0,0,0,0,0,0,0,0,0,1,,unclear,6,,0,1,0,0,0,0,0,0,1,1,1,0,0,0,0,,1,0,0,1,1,0,,1,1,1,0,1,1,0,0,,2,0,0,0,np,np,1,1,5K+,3,np,0,0,1,0,,4,1,0,0,0,0,0,0,0,0,,0,0,0,0,0,0,0,0,0,0,1,,np,6,,0,1,0,0,0,0,0,0,1,1,1,0,0,0,0,,0,0,0,0,,0,,2,17.0K,"66,100",66100
India,25,1,1,0,delhi,india,3,np,0,1,1,1,0,,2,0,0,1,1,0,0,1,1,0,,1,1,1,1,0,1,1,1,0,0,0,0,"phonepe,freecharge,payzapp,olamoney,jiomoney,airtelmoney,paytm",,6,,1,1,0,1,1,1,1,2,1,0,1,0,0,0,0,,0,0,1,1,1,0,,1,1,1,0,1,1,0,0,,2,1,1,0,delhi,india,1,1,500K+,3,np,0,1,1,0,,4,0,0,1,1,1,1,1,1,0,,1,1,1,0,1,1,1,0,0,0,1,"phonepe,amazonpay,mobikwik,freecharge,airtelmoney,olamoney,jiomoney","emi via zestmoney,simpl,lazypay,icici",3,,1,1,0,1,1,1,1,2,1,0,1,0,0,0,0,,0,0,1,1,0,0,,2,2.7M,"6,200,000",6200000
India,26,0,1,1,west bengal,india,3,np,0,1,1,1,0,,2,0,0,1,1,1,0,1,1,0,,1,1,1,1,0,1,1,1,0,0,0,0,paytm,,6,,1,1,0,1,1,1,1,3,1,0,1,0,0,0,0,,0,0,1,1,1,0,,1,1,1,0,1,0,0,0,,2,0,1,0,westbengal,india,1,1,5M+,3,np,0,1,1,0,,2,0,0,1,1,1,0,1,1,0,,1,1,1,0,1,1,1,0,0,0,0,"paytm,phonepe",,6,,1,1,0,1,1,1,1,0,1,0,1,0,0,0,0,,0,0,1,1,1,0,,2,1.6M,"4,200,000",4200000
India,27,0,1,0,chattisgarh,india,3,np,0,1,1,1,0,,2,0,1,0,1,0,0,1,1,0,,0,0,0,0,0,1,0,0,0,0,0,0,,,1,,1,1,1,1,1,1,1,0,0,0,1,0,0,0,0,,0,0,0,1,1,0,,1,1,1,0,1,1,0,0,,2,0,0,0,np,np,1,1,50K+,3,np,0,0,1,1,hindi,2,0,0,1,0,0,0,0,1,0,,0,0,0,1,1,0,0,0,0,0,0,,,1,,1,1,1,1,1,1,1,0,0,0,1,0,0,0,0,,0,0,0,1,1,0,,2,1.7K,"7,200",7200
India,28,0,1,0,gujarat,india,3,np,0,1,0,1,0,,2,0,0,1,1,0,0,1,1,0,,2,1,1,1,0,1,0,0,0,0,0,0,,,6,,1,1,1,1,1,0,0,0,0,0,1,0,1,0,0,,0,0,0,1,1,0,,1,1,1,0,0,1,0,0,,2,,,,,,,,,,,,,,,,,,,,,,,,,,,,,,,,,,,,,,,,,,,,,,,,,,,,,,,,,,,,,,,,,2,22.8K,"59,300",59300
India,29,1,1,0,delhi,india,3,np,0,1,0,1,0,,2,0,0,1,0,1,0,1,1,0,,2,0,0,0,1,0,0,0,0,0,0,1,,unclear,1,,1,1,1,1,1,0,0,0,0,0,1,0,0,0,0,,0,0,1,1,1,0,,1,1,1,0,1,1,0,0,,2,,,,,,,,,,,,,,,,,,,,,,,,,,,,,,,,,,,,,,,,,,,,,,,,,,,,,,,,,,,,,,,,,2,16.1K,"41,400",41400
India,30,0,1,0,delhi,india,3,np,0,1,0,1,0,,2,0,1,0,0,0,0,1,1,0,,1,1,1,1,0,1,1,1,0,0,0,1,"paytm,mobikwik,olamoney,jiomoney,freecharge",emi,6,,1,1,0,1,1,1,1,0,1,1,0,1,0,0,0,,0,0,0,1,1,0,,1,1,1,0,1,1,0,0,,2,0,0,0,np,np,1,0,1K+,3,np,0,0,1,0,,4,0,0,1,0,0,0,0,0,0,,0,0,0,0,0,0,0,0,0,0,1,,unclear,1,,1,1,1,1,1,1,1,0,0,1,1,0,0,0,0,,0,0,0,1,1,0,,2,158.9K,"294,900",294900
India,31,0,1,1,"tamilnadu,karnataka",india,3,np,0,1,1,1,0,,2,0,1,0,1,1,0,1,1,0,,1,0,0,1,0,1,1,1,0,0,0,0,paytm,,1,,1,1,1,1,1,1,1,0,0,0,1,0,1,0,0,,0,0,0,1,1,0,,0,1,1,0,1,1,0,0,,2,0,1,0,tamilnadu,india,1,1,5K+,3,np,0,1,1,0,,2,1,1,0,1,1,0,1,1,0,,0,0,1,0,1,1,1,0,0,0,0,paytm,,1,,1,1,1,1,1,1,1,0,0,0,1,0,1,0,0,,1,0,0,0,,0,,2,102.4K,"320,300",320300
India,32,0,0,0,np,np,3,np,0,1,1,1,0,,2,0,0,1,1,0,0,1,1,0,,1,1,1,1,0,1,1,1,0,0,0,0,"phonepe,olamoney,jiomoney,airtelmoney,yespay,freecharge,paytm",,6,,1,1,0,1,1,0,0,0,0,0,1,0,0,0,0,,0,0,1,1,1,0,,1,1,1,0,1,1,0,0,,2,0,0,0,np,np,1,1,1K+,3,np,0,1,1,0,,2,0,0,1,1,0,0,1,1,0,,1,1,1,0,1,1,1,0,0,0,0,"airtelmoney,freecharge,jiomoney,olamoney,paytm,phonepe,yespay",,6,,1,1,0,1,1,0,0,0,1,0,1,0,0,0,0,,1,0,1,1,1,0,,2,39.3K,"118,400",118400
India,33,1,1,0,delhi,india,3,np,0,1,1,1,0,,2,0,0,1,0,0,1,1,1,0,,1,1,1,1,0,1,1,1,0,0,0,0,paytm,,3,,1,1,1,1,1,1,1,0,0,0,1,1,1,1,0,post,1,0,1,1,1,0,,1,0,1,0,0,1,1,0,pinterest,2,,,,,,,,,,,,,,,,,,,,,,,,,,,,,,,,,,,,,,,,,,,,,,,,,,,,,,,,,,,,,,,,,0,19.5K,"61,100",61100
India,34,0,1,0,telangana,india,3,np,0,1,0,1,0,,2,0,0,1,1,0,0,1,1,0,,1,1,1,1,0,1,1,0,0,0,0,1,,"lazypay,icici",6,,1,1,0,1,1,1,1,3,0,0,1,0,0,0,0,,0,0,0,1,1,0,,1,1,1,0,1,1,0,0,,2,0,0,0,telangana,india,1,1,100K+,3,np,0,0,1,0,,2,0,0,1,1,0,0,0,1,0,,1,1,1,0,1,1,1,0,0,0,1,"phonepe,amazonpay,mobikwik,freecharge,airtelmoney,olamoney,jiomoney,payzapp","lazypay,icici",6,,1,1,0,1,1,1,1,3,0,0,1,0,0,0,0,,1,0,0,1,1,0,,2,7.5K,"27,000",27000
India,35,0,1,1,"delhi,uttarakhand",india,3,np,0,1,1,1,0,,2,0,0,1,1,0,0,1,1,0,,2,0,0,0,0,1,0,0,0,0,0,0,,,1,,1,1,1,1,1,0,0,0,0,0,1,0,0,0,0,,0,0,0,1,1,0,,0,1,1,0,1,1,0,0,,2,0,0,0,np,np,1,0,100+,3,np,0,0,1,0,,4,0,0,1,0,0,0,0,0,0,,0,0,0,0,0,0,0,0,0,0,1,,unclear,6,,1,1,1,1,1,0,0,0,0,0,1,0,0,0,0,,0,0,0,1,1,0,,2,40.3K,"89,600",89600
India,36,1,1,0,karnataka,india,3,np,0,1,1,1,0,,2,0,0,1,1,0,1,1,1,0,,1,1,1,1,1,0,1,1,0,0,0,1,"airtelmoney,freechargepaylater,mobikwik,amazon,paytm",lazypay,7,"23,000 pincodes",1,1,1,1,1,0,0,0,1,1,1,0,0,0,0,,0,0,0,1,1,0,,1,1,1,0,1,1,0,0,,2,0,1,1,"tamilnadu,karnataka",india,1,1,5M+,3,np,0,1,1,0,,2,0,0,1,1,0,0,1,1,0,,1,1,1,0,0,0,0,0,0,0,0,,,6,,1,1,1,1,1,0,0,0,1,1,1,0,0,0,0,,0,0,0,1,0,0,,2,766.3K,"2,200,000",2200000
India,37,0,1,0,gujarat,india,3,np,0,1,0,1,1,"hindi,gujarati",2,1,0,0,0,0,1,1,1,0,,1,1,1,1,0,0,1,1,0,0,0,1,"phonepe,amazonpay,mobikwik,freecharge,airtelmoney,olamoney,jiomoney,payzapp",emi via zestmoney,3,,1,1,0,1,1,2,0,0,0,1,1,0,0,0,0,,0,0,0,1,1,1,WHO certified GMP,1,1,1,0,1,1,0,0,,2,0,1,0,gujarat,india,1,1,10K+,3,np,0,0,1,1,"hindi,gujarati",2,1,0,0,0,0,0,0,1,0,,1,1,1,0,0,1,1,0,0,0,1,"phonepe,amazonpay,mobikwik,freecharge,airtelmoney,olamoney,jiomoney,payzapp",emi via zestmoney,6,,1,1,0,1,1,2,0,0,0,1,1,0,0,0,0,,0,0,0,1,1,1,WHO GMP certified,2,53.4K,"175,500",175500
India,38,0,1,0,telangana,india,3,np,0,1,1,1,0,,2,0,0,1,1,1,0,1,1,1,godaddy,1,1,1,1,0,1,1,1,0,0,0,0,paytm,,1,,1,1,1,1,1,1,1,1,1,1,1,1,0,0,0,,1,0,1,1,1,0,,1,1,1,0,1,1,0,0,,2,0,0,0,np,np,1,1,1M+,3,np,0,0,1,0,,2,0,0,1,1,0,0,1,0,0,,1,1,1,0,1,1,1,0,0,0,0,paytm,,1,,1,1,1,1,1,1,1,1,1,1,1,1,0,0,0,,1,0,1,1,1,0,,2,3.4M,"9,500,000",9500000
India,39,0,0,0,np,np,3,np,0,1,1,1,0,,2,0,0,1,0,0,0,0,0,0,,2,1,1,1,0,1,0,1,0,0,0,0,np,,7,"Pan India; 16000 + pin codes, 500+areas and counting in india",0,0,0,1,1,0,0,0,0,0,1,0,0,0,0,,0,0,1,1,1,0,,0,0,1,0,0,0,0,0,,2,,,,,,,,,,,,,,,,,,,,,,,,,,,,,,,,,,,,,,,,,,,,,,,,,,,,,,,,,,,,,,,,,0,,,
India,40,0,1,0,telangana,india,3,np,0,1,1,1,0,,2,0,0,1,1,0,0,1,1,0,,1,1,1,1,0,1,1,0,0,0,0,0,,,3,,1,1,1,1,1,0,0,0,1,0,1,1,0,0,0,,0,0,0,1,0,0,,1,1,1,0,1,1,0,0,,2,0,0,0,np,np,1,0,10K+,3,np,0,0,1,0,,2,0,0,1,0,0,0,0,0,0,,1,1,1,0,1,1,0,0,0,0,0,,,6,,1,1,0,1,1,0,0,0,0,0,1,0,0,0,0,,0,0,0,0,,0,,2,21.2K,"61,500",61500
India,41,1,1,0,karnataka,india,3,np,0,1,0,1,0,,4,0,0,1,0,0,1,1,1,1,ISO 27001 certified,2,0,0,0,0,0,0,0,0,0,0,1,,unclear,6,,0,1,0,0,0,0,0,0,1,1,1,0,0,0,0,,0,0,0,0,,0,,1,1,1,0,1,1,0,0,,2,0,1,0,karnataka,india,1,1,5M+,3,np,0,1,1,0,,4,0,0,1,1,0,0,1,1,1,ISO 27001,1,1,1,0,1,1,1,0,0,0,0,paytm,,1,,0,1,0,0,0,0,0,0,1,1,1,0,0,0,0,,0,0,0,0,,0,,2,583.7K,"1,800,000",1800000
India,42,0,1,0,telangana,india,3,np,0,1,0,1,0,,2,0,0,1,0,0,0,0,1,0,,2,0,0,1,0,1,0,0,0,0,0,0,,,7,just says local and interstate,0,0,0,0,0,0,0,0,0,0,0,0,0,0,1,,0,0,0,0,,0,,1,1,1,0,1,1,0,0,,2,0,0,0,np,np,1,0,100+,3,np,0,0,1,0,,2,0,1,0,0,0,0,0,0,0,,0,0,0,0,0,0,0,0,0,0,1,,unclear,6,,1,1,1,1,1,0,0,0,0,0,1,0,0,0,0,,0,0,0,0,,0,,2,4.9K,"12,900",12900
India,43,1,1,0,tamilnadu,india,1,Yes,0,0,0,1,0,,2,0,1,0,1,1,1,1,1,0,,1,1,1,1,0,1,1,1,0,0,0,1,"paytm,airtel,phonepe,olamoney,freecharge,mobikwik,jiomoney","emi,paylater",3,,1,1,0,1,1,1,1,3,1,0,1,0,1,0,0,,0,0,0,1,1,0,,1,1,1,0,1,1,0,0,,2,,,,,,,,,,,,,,,,,,,,,,,,,,,,,,,,,,,,,,,,,,,,,,,,,,,,,,,,,,,,,,,,,0,185.1K,"520,3?00",520300
India,44,0,1,0,quebec,canada,3,np,0,0,1,1,0,,1,0,0,1,0,0,1,1,0,0,,1,1,1,0,0,0,0,0,0,0,0,1,,"bitcoin, ethereum, swift",5,,1,1,0,1,1,1,1,1,0,0,0,0,0,0,1,,0,0,0,1,1,0,,0,0,0,0,0,0,0,1,,2,,,,,,,,,,,,,,,,,,,,,,,,,,,,,,,,,,,,,,,,,,,,,,,,,,,,,,,,,,,,,,,,,0,46.8K,"112,3?00",112300
India,45,0,1,1,tamilnadu,india,1,Yes,0,1,1,1,0,,1,1,0,0,1,1,1,1,1,0,,1,1,1,1,1,1,1,1,0,0,0,1,paytm,simpl,3,,1,1,0,1,1,1,1,1,1,1,1,0,0,0,0,,0,0,1,1,1,0,,1,1,1,0,1,1,0,0,,2,0,1,0,maharashtra,india,1,1,10M+,3,np,0,1,1,0,,1,1,0,0,1,1,0,1,1,0,,1,1,1,0,1,1,1,0,0,0,1,paytm,simpl,3,,1,1,0,1,1,1,1,1,1,1,1,0,0,0,0,,1,0,1,1,1,0,,2,9.7M,"32,400,000",32400000
India,46,1,1,0,tamilnadu,india,3,np,0,1,1,1,0,,2,0,0,1,0,0,1,1,1,0,,1,1,1,0,0,0,0,0,0,0,0,0,,,5,,1,1,1,1,1,0,0,0,0,0,1,0,0,0,0,,0,0,0,1,1,0,,1,0,1,0,0,1,0,0,,2,,,,,,,,,,,,,,,,,,,,,,,,,,,,,,,,,,,,,,,,,,,,,,,,,,,,,,,,,,,,,,,,,2,57.2K,"120,200",120200
India,47,1,0,0,np,np,3,np,0,0,1,1,0,,2,1,1,0,1,0,1,1,1,0,,2,1,1,1,0,0,1,1,0,0,0,1,paytm,foreign money transfer (unspecified),5,,0,1,0,0,0,0,0,0,1,0,1,0,0,0,0,,0,0,0,1,1,0,,1,1,1,0,1,1,0,0,,2,,,,,,,,,,,,,,,,,,,,,,,,,,,,,,,,,,,,,,,,,,,,,,,,,,,,,,,,,,,,,,,,,0,11.1K,"37,000",37000
India,48,0,0,0,gujarat,india,1,np,0,0,1,1,0,,2,1,1,0,0,0,1,1,1,0,,1,1,1,1,0,1,1,1,0,0,0,0,"amazonpay, mobikwik, feecharge, airtelmoney, olamoney, jiomoney, paytm, paypal",,3,,1,1,0,1,1,1,1,0,0,0,0,1,0,0,0,,0,0,0,1,1,0,,1,1,1,0,0,0,0,0,,2,,,,,,,,,,,,,,,,,,,,,,,,,,,,,,,,,,,,,,,,,,,,,,,,,,,,,,,,,,,,,,,,,0,34.9K,"136,000",136000
India,49,0,1,1,"haryana,delhi",india,3,np,0,1,1,1,0,,2,1,0,0,1,0,0,1,1,0,,1,1,1,1,0,1,1,0,0,0,0,0,,,1,,1,1,0,1,1,1,1,2,1,1,1,0,0,0,0,,0,0,1,1,0,0,,1,1,1,0,1,1,0,0,,2,0,0,0,np,np,1,1,1K+,3,np,0,1,1,0,,2,1,1,0,1,1,0,1,1,0,,1,1,1,0,1,1,0,0,0,0,0,,,1,,1,1,0,1,1,1,1,1,1,1,1,0,0,0,0,,1,0,1,1,1,0,,2,21.9K,"58,400",58400
India,50,1,1,0,tamil nadu,india,1, np,0,1,0,1,0,,2,0,0,1,0,0,0,1,1,0,,1,1,1,1,0,1,1,1,0,0,0,0,paytm,,3,,1,1,0,1,1,0,0,0,0,0,1,1,0,0,0,,0,0,0,1,1,0,,0,1,1,0,0,1,0,0,,2,1,1,0,tamil nadu,india,1,0,10K+,3,np,0,0,1,0,,2,0,0,1,0,0,0,1,1,0,,1,1,1,0,1,1,0,0,0,0,0,,,3,,1,1,0,1,1,0,0,0,0,0,1,0,0,0,0,,0,0,0,0,,0,,2,144.4K,"327,7?00",327700
India,51,1,1,0,karnataka,india,3,np,0,1,0,1,0,,2,1,0,0,0,1,1,1,1,0,,2,0,0,0,0,0,0,0,0,0,0,1,,np,7,"35,000+ pincodes in 4000+ cities",0,0,0,0,0,0,0,0,1,1,0,0,0,0,1,,0,0,0,1,1,0,,1,1,1,0,1,1,0,0,,2,0,1,0,karnataka ,india,1,1,1M+,3,np,0,0,1,0,,2,0,1,0,0,1,0,0,1,0,,0,0,0,0,0,0,0,0,0,0,1,,np,6,,0,1,0,0,0,0,0,0,1,1,1,0,0,0,0,,1,0,0,1,1,0,,2,195.7K,"564,200",564200
India,52,0,1,1,maharashtra,india,3,np,0,1,1,1,0,,2,0,0,1,1,1,1,1,1,0,,1,1,1,1,0,1,1,1,0,0,0,0,"paytm,freecharge,phonepe,amazonpay,olamoney,airtel,mobikwik",,7,1000+ cities; 22000+ pin codes.,1,1,0,1,1,1,1,1,1,1,1,0,0,0,0,,1,0,1,1,1,0,,1,1,1,0,1,1,0,0,,2,0,1,0,maharashtra,india,1,1,10M+,3,np,0,1,1,0,,2,0,1,0,1,1,1,1,1,0,,1,0,1,1,1,1,1,0,0,0,0,"mobikwik,paytm,olamoney,airtel,amazonpay,freecharge,phonepe",,7,1000+ cities and towns across 22000+ pin codes.,1,1,0,1,1,1,1,1,1,1,1,0,0,0,0,,0,0,1,1,1,0,,2,12.3M,"37,100,000",37100000
India,53,1,1,0,karnataka,india,3,np,0,1,0,1,0,,2,0,0,1,1,0,0,1,1,1,ISO/IEC 27001,1,1,1,1,0,1,1,1,0,0,0,0,paytm,,7,"More than 50& of Indian states, and Indonesia, Singapore, Philippines",1,1,0,1,1,1,1,1,1,1,1,0,0,0,0,,1,0,0,0,,0,,1,1,1,0,1,1,1,0,github,2,0,1,0,karnataka,india,1,1,10M+,3,np,0,1,1,0,,2,1,0,0,1,1,0,0,1,0,,1,1,1,0,0,1,1,0,0,0,1,"paytm,amazonpay","olamoney,simpl",2,,1,1,0,1,1,1,1,1,1,1,1,0,0,0,0,,1,0,0,1,0,0,,2,14.0M,"40,900,000",40900000
India,54,0,1,0,tamilnadu,india,1,np,0,1,0,1,0,,2,0,0,1,0,0,0,1,1,0,,1,1,1,1,0,1,1,1,0,0,0,0,paytm,,7,15000+ pincodes,1,1,0,1,1,1,1,2,0,0,1,0,0,0,0,,1,0,0,1,1,0,,1,1,1,0,0,1,0,0,,2,0,1,0,tamilnadu,india,1,0,50K+,1,np,0,0,1,0,,2,0,0,1,0,0,0,1,1,0,,1,1,1,0,1,1,1,0,0,0,1,"airtel,olamoney,freecharge,mobikwik,jiomoney",paylater,7,15000+ pincodes ,1,1,0,1,1,0,0,0,0,1,1,0,0,0,0,,0,0,1,1,1,0,,2,167.2K,"539,8?00",539800
India,55,0,1,0,haryana,india,1,np,0,0,1,1,0,,2,1,0,0,1,0,0,1,0,0,,1,1,0,0,0,0,0,0,0,0,0,0,,,5,,1,1,0,0,0,1,1,1,0,0,1,0,0,0,0,,0,0,0,1,1,0,,1,0,1,0,0,1,0,0,,2,,,,,,,,,,,,,,,,,,,,,,,,,,,,,,,,,,,,,,,,,,,,,,,,,,,,,,,,,,,,,,,,,0,6.9K,"16,400",16400
India,56,0,1,0,himachal pradesh,india,3,np,0,0,1,1,0,,2,1,1,0,0,1,1,1,1,0,,1,1,1,1,0,0,1,1,0,0,0,0,"phonepe,paytm,itzcash,yespay,freecharge,paylater,jiomoney,olamoney,mobikwik",,5,,1,1,0,1,1,0,0,0,0,0,1,0,0,0,0,,0,0,1,1,1,0,,1,1,1,0,1,0,0,0,,2,,,,,,,,,,,,,,,,,,,,,,,,,,,,,,,,,,,,,,,,,,,,,,,,,,,,,,,,,,,,,,,,,0,27.5K,"65,900",65900
India,57,0,1,0,delhi,india,3,np,0,1,0,1,0,,2,0,1,0,1,0,1,1,0,0,,1,1,1,1,0,0,1,1,0,0,0,1,"paytm,mobikwik,olamoney,jiomoney,freecharge",EMI,3,,1,1,0,1,1,0,0,0,0,1,1,0,0,0,0,,0,0,0,1,1,0,,1,1,1,0,1,1,0,0,,2,0,1,0,delhi,india,1,0,1K+,3,np,0,0,1,0,,2,0,1,0,0,0,0,0,0,0,,1,1,1,0,1,1,1,0,0,0,1,"paytm,mobikwik,olamoney,jiomoney,freecharge",emi,3,,1,1,0,1,1,0,0,0,0,1,1,1,0,0,0,,0,0,1,1,1,0,,2,27.1K,"100,500",100500
India,58,0,1,0,telangana,india,3,np,0,1,1,1,0,,2,1,0,0,1,0,0,1,1,0,,1,0,0,1,0,1,1,1,0,0,0,0,paytm,,3,,1,1,1,0,1,1,1,0,0,0,1,0,0,0,0,,0,0,0,1,1,0,,1,1,1,0,1,0,0,0,,2,0,0,0,np,np,1,1,10K+,3,np,0,1,1,0,,2,1,1,0,1,0,0,1,1,0,,0,0,1,0,1,1,1,0,0,0,0,paytm,,3,,1,1,1,0,1,1,1,0,0,0,1,0,0,0,0,,1,0,0,1,1,0,,2,5.4K,"10,700",10700
India,59,1,1,0,delhi,india,3,np,0,1,1,1,0,,2,0,0,1,1,0,1,1,1,0,,1,1,1,1,0,1,1,1,0,0,0,1,"phonepe,amazonpay,mobikwik,freecharge,airtelmoney,olamoney,jiomoney",snapmint emi,3,,1,1,1,1,1,1,1,3,0,0,1,0,0,0,0,,0,0,0,1,1,0,,1,1,1,0,1,1,0,0,,2,1,1,0,delhi,india,1,0,50K+,3,np,0,1,1,0,,2,0,0,1,1,0,1,1,1,0,,1,1,1,0,0,1,1,0,0,0,1,"razorpay, amazonpay",cashfree,3,,1,1,1,1,1,1,1,3,0,0,1,0,0,0,0,,0,0,1,1,1,0,,2,205.8K,"847,9?00",847900
India,60,0,1,1,west bengal,india,1,np,0,1,0,1,1,"hindi,bengali,odia",2,1,0,0,0,0,0,1,1,0,,0,0,0,0,0,1,0,0,0,0,0,0,,,1,,1,1,0,1,1,0,0,0,1,0,1,0,0,0,0,,0,0,0,1,1,0,,1,1,1,0,1,1,0,0,,2,0,1,0,west bengal,india,1,0,100K+,1,np,0,0,1,1,"hindi,odia,bengali",2,1,0,0,0,0,0,1,1,0,,0,0,0,0,1,0,0,0,0,0,0,,,1,,1,1,0,1,1,0,0,0,1,0,1,0,0,0,0,,0,0,0,1,1,0,,2,47.0K,"118,200",118200
India,61,0,1,0,gujarat,india,3,np,1,0,0,1,0,,2,0,0,1,1,0,1,1,1,0,,2,1,1,0,0,0,1,0,0,0,0,0,,,5,,1,1,0,0,1,1,0,0,1,0,0,0,0,0,1,,1,0,0,0,,0,,1,1,1,0,1,1,0,0,,2,,,,,,,,,,,,,,,,,,,,,,,,,,,,,,,,,,,,,,,,,,,,,,,,,,,,,,,,,,,,,,,,,0,,,
India,62,0,1,1,"maharashtra,westbengal",india,3,np,0,1,1,1,0,,2,0,0,1,1,1,1,1,1,0,,1,1,1,1,1,1,1,1,0,0,0,1,paytm,mobikwik,7,1000+,1,1,0,1,1,1,1,2,1,0,1,0,0,0,0,,0,0,0,1,1,0,,1,1,1,0,1,1,0,0,,2,0,1,1,"maharashtra,westbengal",india,1,0,1M+,3,np,0,1,1,0,,2,0,0,1,1,1,0,1,1,0,,1,1,1,0,1,1,1,0,0,0,0,"freecharge, mobikwik, ola money, jio money, airtel money,phonepe,paytm amazon pay",,7,1000+ cities,1,1,0,1,1,1,1,2,1,0,1,0,0,0,0,,1,0,0,1,1,0,,2,893.2K,"2,700,000",2700000
India,63,0,0,0,np,np,3,np,0,0,1,1,1,"arabic,czech,danish,finnish,french,german,greek,hungarian,italian,japanese,norwegian,polish,portuguese,spanish,swedish,turkish",1,1,0,0,1,0,1,1,1,0,,1,1,0,0,0,0,0,0,0,0,0,1,,bitcoin,5,,1,1,0,0,0,1,1,2,0,0,0,0,1,1,0,fax,0,0,0,0,,0,,0,0,1,0,0,1,1,0,"tumblr, pinterest",2,,,,,,,,,,,,,,,,,,,,,,,,,,,,,,,,,,,,,,,,,,,,,,,,,,,,,,,,,,,,,,,,,0,,,
India,64,1,1,0,tamilnadu,india,3,np,0,1,0,1,0,,2,0,0,1,0,0,0,0,1,0,,0,0,0,0,0,1,0,0,0,0,0,0,,,6,,1,1,1,1,1,0,0,0,0,0,1,0,0,0,0,,0,0,0,1,1,0,,1,0,1,0,0,0,0,0,,2,1,1,0,tamilnadu,india,1,0,10K+,3,np,0,0,1,0,,2,0,1,0,0,0,0,0,1,0,,0,0,0,0,1,0,0,0,0,0,0,,,6,,1,1,1,1,1,0,0,0,0,0,1,0,0,0,0,,1,0,0,1,1,0,,2,1.1K,"9,000",9000
India,65,1,1,0,maharashtra,india,3,np,0,1,1,1,0,,1,0,0,1,1,0,0,1,1,0,,1,1,1,1,0,1,1,1,0,0,0,0,paytm,,3,,1,1,0,1,1,1,1,0,0,0,1,0,0,0,0,,1,0,1,1,1,0,,1,1,1,0,1,1,0,0,,2,0,1,0,maharashtra,india,1,1,1M+,3,np,0,0,1,0,,1,0,1,0,0,0,0,1,1,0,,1,1,1,0,1,1,1,0,0,0,0,paytm,,6,,1,1,0,1,1,1,1,1,0,0,1,1,0,0,0,,1,0,1,1,1,0,,2,159.3K,"1,500,000",1500000
India,66,1,1,0,delhi,india,1,np,0,1,1,1,0,,2,0,0,1,1,0,1,1,1,0,,1,1,1,1,0,1,1,1,0,0,0,1,"phonepe,amazonpay,mobikwik,freecharge,airtel,olamoney,jiomoney,payzapp","simpl,lazypay,icicipaylater",6,,1,1,1,1,1,1,1,0,0,0,1,0,0,0,0,,0,0,1,1,1,1,WHO GMP,1,1,1,0,1,1,0,0,,2,0,0,0,np,np,1,0,50K+,3,np,0,0,1,0,,2,0,0,1,0,0,0,0,0,0,,0,0,0,0,0,0,0,0,0,0,1,,np,6,,1,1,1,1,1,1,1,0,0,0,0,0,0,0,1,,0,0,0,0,,0,,2,37.5K,"155,200",155200
Kenya,67,0,1,0,nairobi,kenya,1,np,0,1,0,1,0,,2,1,1,0,1,0,0,1,1,1,Kaspersky Anti-Virus Personal Root Certificate,2,0,0,0,0,1,0,0,1,1,0,0,,,1,,1,1,1,1,1,0,0,0,0,0,0,0,0,0,1,,0,0,0,0,,0,,1,1,1,1,1,0,0,0,,2,0,1,0,nairobi,kenya,1,1,1K+,1,np,0,0,1,0,,2,0,0,1,1,0,0,1,1,0,,0,0,0,0,0,0,0,1,0,0,0,,,1,,1,1,1,1,1,0,0,0,0,0,0,0,0,0,1,,0,0,0,1,0,0,,2,33.6K,"99,100",99100
Kenya,68,0,1,0,karlin,czech republic,3,np,0,0,1,1,1,"EN,DE,FR,IT.ES",2,0,0,1,1,0,1,1,1,1,Kaspersky Anti-Virus Personal Root Certificate,2,1,1,0,0,0,0,0,0,0,0,1,,Cryptocurrency (Bitcoin),5,,1,1,1,1,1,1,1,1,0,0,0,0,0,0,1,,0,0,0,1,1,0,,0,0,0,0,0,0,0,1,,2,,,,,,,,,,,,,,,,,,,,,,,,,,,,,,,,,,,,,,,,,,,,,,,,,,,,,,,,,,,,,,,,,2,,,
Kenya,69,0,0,0,np,np,3,np,0,0,1,1,1,"EN,DE,FR,ES.IT",2,0,0,1,1,0,1,1,1,1,Kaspersky Anti-Virus Personal Root Certificate,2,1,1,1,0,0,0,0,0,0,0,1,,Cryptocurrency (bitcoin),5,,1,1,1,1,1,1,1,3,0,0,0,0,0,0,1,,0,0,0,1,1,0,,0,0,0,0,0,0,0,1,,2,,,,,,,,,,,,,,,,,,,,,,,,,,,,,,,,,,,,,,,,,,,,,,,,,,,,,,,,,,,,,,,,,2,,,
Kenya,70,0,0,0,np,np,3,np,0,0,1,1,1,"english,english(uk),deutsch,francais,italiano,espanol,svensca,portugues,dansk,norsk,suomi,czechjapanese",1,0,0,1,1,0,1,1,1,1,Kaspersky Anti-Virus Personal Root Certificate,1,1,0,0,0,0,0,0,0,0,0,1,,"Bitcoin, Ethereum",5,,1,1,1,1,1,1,1,1,0,0,0,0,0,0,1,,,1,0,1,1,1,FDA,0,0,0,0,0,0,0,1,,2,,,,,,,,,,,,,,,,,,,,,,,,,,,,,,,,,,,,,,,,,,,,,,,,,,,,,,,,,,,,,,,,,2,,,
Kenya,71,0,1,1,"nairobi,machakos",kenya,2,Yes,0,1,1,1,0,,2,0,1,0,0,0,1,0,0,1,Kaspersky Anti-Virus Personal Root Certificate,0,0,0,0,0,1,0,0,1,0,0,1,,coupon/voucher/gift certificate,3,,1,1,1,1,1,0,0,0,0,0,1,1,0,0,0,,0,0,0,1,1,0,,1,0,1,0,0,1,0,0,,2,0,0,0,np,np,1,0,100+,3,np,0,1,1,0,,4,0,0,1,0,0,0,0,0,0,,0,0,0,0,0,0,0,0,0,0,1,,App not active,6,,0,0,0,0,0,0,0,0,0,0,0,0,0,0,1,,0,0,0,0,,0,,2,,,
Kenya,72,0,0,0,nairobi,kenya,3,np,0,0,0,1,0,,2,0,1,0,0,0,1,0,0,1,Kaspersky Anti-Virus Personal Root Certificate,0,0,0,0,0,0,0,0,1,1,0,0,,,4,,1,1,1,1,1,1,1,1,0,0,1,1,0,0,0,,0,0,1,1,1,0,,1,1,0,0,0,0,0,0,,2,,,,,,,,,,,,,,,,,,,,,,,,,,,,,,,,,,,,,,,,,,,,,,,,,,,,,,,,,,,,,,,,,2,22.5K,"49,500",49500
Kenya,73,0,1,0,nairobi,kenya,2,Yes,0,0,1,1,0,,1,0,1,0,1,0,1,1,1,1,Kaspersky Anti-Virus Personal Root Certificate,0,0,0,0,0,0,0,0,0,0,0,1,,"USSD, Toll Free Call, WhatsApp",3,,1,1,0,1,1,0,0,0,0,0,0,0,0,0,1,,0,0,0,0,,0,,1,1,1,0,0,0,0,0,,2,,,,,,,,,,,,,,,,,,,,,,,,,,,,,,,,,,,,,,,,,,,,,,,,,,,,,,,,,,,,,,,,,2,4.4K,"57,400",57400
Kenya,74,0,1,0,nairobi,kenya,3,np,0,0,0,1,0,,2,0,1,0,1,0,1,1,1,1,Kaspersky Anti-Virus Personal Root Certificate,2,0,0,0,0,1,0,0,1,0,0,1,,Tingg,3,,1,1,0,1,1,1,1,1,0,0,0,0,0,0,1,,0,0,1,1,1,0,,1,1,1,0,0,1,0,0,,2,,,,,,,,,,,,,,,,,,,,,,,,,,,,,,,,,,,,,,,,,,,,,,,,,,,,,,,,,,,,,,,,,2,2.0K,"2,132",2132
Kenya,75,0,1,0,nairobi,kenya,2,np,0,0,0,1,0,,2,0,0,1,1,0,1,1,1,1,Kaspersky Anti-Virus Personal Root Certificate,0,0,0,0,0,0,0,0,1,0,0,0,,,3,,1,1,1,1,1,0,0,0,0,0,0,0,0,0,1,,0,0,1,1,0,0,,1,0,1,0,0,1,0,0,,2,,,,,,,,,,,,,,,,,,,,,,,,,,,,,,,,,,,,,,,,,,,,,,,,,,,,,,,,,,,,,,,,,2,41.5K,"106,600",106600
Kenya,76,0,0,0,np,np,3,np,0,0,0,1,0,,2,0,1,0,0,0,1,0,0,1,Kaspersky Anti-Virus Personal Root Certificate,2,0,0,0,0,0,0,0,1,0,0,1,,"Cryptocurrency (Binance coin, Bitcoin, Dogecoin. Ethereum)",3,,1,1,1,1,1,1,1,1,0,0,0,1,0,0,0,,0,0,0,0,,0,,1,1,1,0,0,1,0,0,,2,,,,,,,,,,,,,,,,,,,,,,,,,,,,,,,,,,,,,,,,,,,,,,,,,,,,,,,,,,,,,,,,,2,39.8K,"146,600",146600
Kenya,77,0,1,0,nairobi,kenya,1,np,0,0,1,1,0,,2,0,1,0,1,0,1,0,1,1,R3,2,0,0,0,0,1,0,0,1,0,0,0,,,3,,1,1,1,1,1,1,1,1,0,0,0,1,0,0,0,,0,0,0,0,,0,,1,1,1,1,1,1,0,0,,2,,,,,,,,,,,,,,,,,,,,,,,,,,,,,,,,,,,,,,,,,,,,,,,,,,,,,,,,,,,,,,,,,2,26.9K,"83,400",83400
Kenya,78,0,1,0,nairobi,kenya,3,np,0,1,1,1,0,,2,0,1,0,1,0,1,1,1,1,Kaspersky Anti-Virus Personal Root Certificate,2,1,1,1,0,0,0,1,1,0,0,1,vooma,Safaricom Customer Loyalty Points (Bonga Points),3,,1,1,0,1,1,0,0,0,0,0,1,0,0,0,0,,0,0,1,1,0,0,,0,1,1,1,1,1,1,0,Pinterest,2,0,1,0,nairobi,kenya,1,1,100+,3,np,0,1,1,0,,2,0,1,0,1,0,1,1,1,0,,0,0,1,0,0,0,0,1,0,0,1,,Safaricom Customer Loyalty Points (Bonga Points),3,,1,1,0,1,1,0,0,0,0,0,0,0,0,0,1,,0,0,1,1,0,0,,2,34.9K,"102,000",102000
Kenya,79,0,1,0,np,ghana,3,np,0,0,0,1,0,,2,0,1,0,0,0,0,0,0,1,Kaspersky Anti-Virus Personal Root Certificate,2,1,1,0,0,0,0,1,1,0,0,0,momo,,5,,1,1,0,1,1,1,1,1,0,0,1,0,0,0,0,,0,0,0,1,1,0,,1,1,1,0,0,1,0,0,,2,,,,,,,,,,,,,,,,,,,,,,,,,,,,,,,,,,,,,,,,,,,,,,,,,,,,,,,,,,,,,,,,,2,33.1K,"125,500",125500
Kenya,80,0,1,0,nairobi,kenya,3,np,0,0,0,1,0,,2,0,1,0,0,0,0,0,0,1,Kaspersky Anti-Virus Personal Root Certificate,0,0,0,0,0,1,0,0,0,0,0,0,,,5,,1,1,1,1,1,0,0,0,0,0,1,1,0,0,0,,1,0,0,0,,0,,0,0,1,0,0,0,0,0,,2,,,,,,,,,,,,,,,,,,,,,,,,,,,,,,,,,,,,,,,,,,,,,,,,,,,,,,,,,,,,,,,,,2,49.8K,"138,000",138000
Kenya,81,0,1,1,"kiambu,nairobi",kenya,3,np,0,0,1,1,0,,2,1,1,0,0,0,1,1,1,1,Kaspersky Anti-Virus Personal Root Certificate,0,0,0,0,0,1,0,0,0,0,0,1,,"coupoun, gift certificate",3,,1,1,0,1,1,0,0,0,1,0,0,1,0,0,0,,0,0,1,1,0,0,,1,1,1,1,1,1,0,0,,2,,,,,,,,,,,,,,,,,,,,,,,,,,,,,,,,,,,,,,,,,,,,,,,,,,,,,,,,,,,,,,,,,2,69.8K,"147,700",147700
Kenya,82,1,1,0,nairobi,kenya,3,np,1,0,1,1,0,,2,1,1,0,1,0,1,1,1,1,Cloudflare Inc ECC CA-3,2,1,1,0,0,0,0,0,1,1,0,1,,"MPESA on delivery, DPO payment gateway",3,,1,1,0,1,1,0,0,0,1,1,0,1,0,0,0,,0,0,1,1,0,1,Brand of the Year - World Branding Awards logo,1,1,1,1,1,1,0,0,,2,,,,,,,,,,,,,,,,,,,,,,,,,,,,,,,,,,,,,,,,,,,,,,,,,,,,,,,,,,,,,,,,,2,91.7K,"249,700",249700
Kenya,83,0,1,1,nairobi,kenya,2,Yes,0,1,1,1,0,,2,1,1,0,1,0,1,1,1,1,Kaspersky Anti-Virus Personal Root Certificate,2,1,1,0,1,0,0,0,1,0,0,1,,"Safaricom Customer Loyalty Points (Bonga points), Umba Loan",3,,1,1,1,1,1,1,1,1,1,0,1,0,0,0,0,text 70077,0,0,1,1,0,1,LegitScript,1,1,1,1,1,1,0,0,,2,0,1,1,nairobi,kenya,1,1,100K+,2,Yes,0,1,1,0,,2,1,0,1,1,0,0,1,1,0,,1,1,0,0,0,0,0,1,0,0,1,,Safaricom Customer Loyalty Points (Bonga Points),3,,1,1,1,1,1,1,1,1,1,0,1,0,0,0,0,,0,0,1,1,0,1,LegitScript,2,588.7K,"1,530,500",1530500
Kenya,84,0,1,0,accra,ghana,3,np,0,0,0,1,0,,2,1,0,0,0,0,1,0,0,1,Kaspersky Anti-Virus Personal Root Certificate,2,0,0,0,0,0,0,0,0,0,0,1,,Unclear,6,,1,1,1,1,1,0,0,0,0,1,0,0,0,0,1,,0,0,0,0,,0,,1,1,1,0,0,1,0,0,,2,,,,,,,,,,,,,,,,,,,,,,,,,,,,,,,,,,,,,,,,,,,,,,,,,,,,,,,,,,,,,,,,,2,4.1K,"13,400",13400
Kenya,85,0,1,0,nairobi,kenya,2,np,0,0,0,1,0,,2,0,0,1,0,0,0,1,1,1,Kaspersky Anti-Virus Personal Root Certificate,2,0,0,0,0,1,0,0,1,0,0,0,,,3,,1,1,1,1,1,1,1,1,0,0,1,1,0,0,0,,0,0,0,1,0,0,,1,1,0,0,1,1,0,0,,2,,,,,,,,,,,,,,,,,,,,,,,,,,,,,,,,,,,,,,,,,,,,,,,,,,,,,,,,,,,,,,,,,2,64.9K,"192,900",192900
Kenya,86,0,1,0,nairobi,kenya,2,Yes,0,0,1,1,0,,2,0,1,0,0,0,1,1,1,1,"cPanel, Inc. Certification Authority",0,0,0,0,0,0,0,0,0,0,0,1,,mPesa on delivery,1,,1,1,0,1,1,0,0,0,0,0,1,0,0,0,0,,0,0,1,0,,0,,1,1,1,0,0,0,0,0,,2,,,,,,,,,,,,,,,,,,,,,,,,,,,,,,,,,,,,,,,,,,,,,,,,,,,,,,,,,,,,,,,,,2,811,955,955
Kenya,87,0,0,0,np,np,3,np,0,0,1,1,1,"ENG US,ENG UK,Deutsch,French,Spanish,Italian",2,0,0,1,1,0,1,1,0,1,Kaspersky Anti-Virus Personal Root Certificate,2,1,1,0,0,0,0,0,0,0,0,1,,"Cryptocurrency: BTC, BCH, LTC, & ETH",5,,1,1,1,1,1,1,1,1,0,0,0,0,0,0,1,,0,0,0,1,1,0,,0,0,0,0,0,0,0,1,,2,,,,,,,,,,,,,,,,,,,,,,,,,,,,,,,,,,,,,,,,,,,,,,,,,,,,,,,,,,,,,,,,,2,242,242,242
Kenya,88,0,1,0,nairobi,kenya,3,np,0,0,1,1,0,,2,0,1,0,1,0,0,1,0,1,Kaspersky Anti-Virus Personal Root Certificate,2,0,0,0,0,0,0,0,1,0,0,0,,,3,,1,1,1,1,1,0,0,0,0,0,1,0,0,0,0,,0,0,1,1,0,0,,1,1,1,0,1,1,0,0,,2,,,,,,,,,,,,,,,,,,,,,,,,,,,,,,,,,,,,,,,,,,,,,,,,,,,,,,,,,,,,,,,,,2,14.1K,"40,500",40500
Kenya,89,0,1,0,nairobi,kenya,3,np,0,0,0,1,0,,2,0,1,0,0,0,1,0,0,1,Kaspersky Anti-Virus Personal Root Certificate,0,0,0,0,0,1,0,0,0,0,0,0,,,3,,1,1,0,1,1,0,0,0,0,0,1,0,0,0,0,,0,0,1,1,1,0,,1,0,1,0,0,0,0,0,,2,,,,,,,,,,,,,,,,,,,,,,,,,,,,,,,,,,,,,,,,,,,,,,,,,,,,,,,,,,,,,,,,,2,2.5K,"11,600",11600
Kenya,90,0,1,0,nairobi,kenya,3,np,0,0,1,1,0,,2,1,1,0,1,0,1,1,1,1,Kaspersky Anti-Virus Personal Root Certificate,2,0,0,0,0,1,0,0,1,0,0,0,,,6,,1,1,0,1,1,0,0,0,0,0,1,1,0,1,0,Telegram,0,0,1,1,0,0,,1,1,1,0,0,1,1,0,,2,,,,,,,,,,,,,,,,,,,,,,,,,,,,,,,,,,,,,,,,,,,,,,,,,,,,,,,,,,,,,,,,,2,23.6K,"81,600",81600
Kenya,91,0,1,0,nairobi,kenya,2,Yes,0,0,0,1,0,,2,0,0,1,1,0,1,1,1,1,Kaspersky Anti-Virus Personal Root Certificate,2,1,1,1,0,0,0,1,1,0,1,1,vooma,Bonga points,3,,1,1,0,1,1,0,0,0,0,0,0,0,0,0,1,,0,0,1,0,,0,,1,1,1,1,0,0,0,0,,2,,,,,,,,,,,,,,,,,,,,,,,,,,,,,,,,,,,,,,,,,,,,,,,,,,,,,,,,,,,,,,,,,2,6.1K,"37,100",37100
Kenya,92,0,0,0,np,np,2,np,0,0,1,1,1,"english,deutsch,francais,italiano,espanol",2,0,0,1,1,0,1,1,1,1,Kaspersky Anti-Virus Personal Root Certificate,2,1,0,0,0,0,0,0,0,0,0,0,,,5,,1,1,1,1,0,1,1,1,0,0,0,0,0,0,1,,,0,0,1,1,1,"CIPA, MIPA, FDA",0,0,0,0,0,0,0,1,,2,,,,,,,,,,,,,,,,,,,,,,,,,,,,,,,,,,,,,,,,,,,,,,,,,,,,,,,,,,,,,,,,,2,,,
